rule,slug,round_end_utc,side,winning_side,hit,entry_ask_proxy,pnl_proxy_1x,support_score,vacuum_score,now_offset_ms,reason
support5_vacuum0,btc-updown-5m-1784311200,2026-07-17T18:00:00,NO,NO,True,0.53,0.47,5,1,524.0,loser_bid_drop_insufficient
support5_vacuum1,btc-updown-5m-1784311200,2026-07-17T18:00:00,NO,NO,True,0.53,0.47,5,1,524.0,loser_bid_drop_insufficient
support5_vacuum0,btc-updown-5m-1784311500,2026-07-17T18:05:00,NO,YES,False,0.51,-0.51,5,1,314.0,loser_bid_drop_insufficient
support5_vacuum1,btc-updown-5m-1784311500,2026-07-17T18:05:00,NO,YES,False,0.51,-0.51,5,1,314.0,loser_bid_drop_insufficient
support5_vacuum2,btc-updown-5m-1784311500,2026-07-17T18:05:00,NO,YES,False,0.51,-0.51,5,2,580.0,loser_bid_drop_insufficient
support5_vacuum0,btc-updown-5m-1784311800,2026-07-17T18:10:00,YES,YES,True,0.51,0.49,5,1,327.0,loser_bid_drop_insufficient
support5_vacuum1,btc-updown-5m-1784311800,2026-07-17T18:10:00,YES,YES,True,0.51,0.49,5,1,327.0,loser_bid_drop_insufficient
support5_vacuum0,btc-updown-5m-1784312100,2026-07-17T18:15:00,NO,NO,True,0.51,0.49,5,0,314.0,loser_bid_drop_insufficient
support5_vacuum1,btc-updown-5m-1784312100,2026-07-17T18:15:00,NO,NO,True,0.52,0.48,5,1,873.0,loser_bid_drop_insufficient
support5_vacuum0,btc-updown-5m-1784312400,2026-07-17T18:20:00,NO,NO,True,0.51,0.49,5,0,323.0,loser_bid_drop_insufficient
support5_vacuum0,btc-updown-5m-1784312700,2026-07-17T18:25:00,YES,YES,True,0.53,0.47,5,1,409.0,loser_bid_drop_insufficient
support5_vacuum1,btc-updown-5m-1784312700,2026-07-17T18:25:00,YES,YES,True,0.53,0.47,5,1,409.0,loser_bid_drop_insufficient
support5_vacuum0,btc-updown-5m-1784313000,2026-07-17T18:30:00,YES,YES,True,0.51,0.49,5,0,337.0,loser_bid_drop_insufficient
support5_vacuum0,btc-updown-5m-1784313300,2026-07-17T18:35:00,YES,YES,True,0.51,0.49,5,0,326.0,loser_bid_drop_insufficient
support5_vacuum1,btc-updown-5m-1784313300,2026-07-17T18:35:00,YES,YES,True,0.51,0.49,5,1,540.0,loser_bid_drop_insufficient
support5_vacuum0,btc-updown-5m-1784313600,2026-07-17T18:40:00,NO,YES,False,0.5800000000000001,-0.5800000000000001,5,1,328.0,loser_bid_drop_insufficient
support5_vacuum1,btc-updown-5m-1784313600,2026-07-17T18:40:00,NO,YES,False,0.5800000000000001,-0.5800000000000001,5,1,328.0,loser_bid_drop_insufficient
support5_vacuum0,btc-updown-5m-1784313900,2026-07-17T18:45:00,YES,YES,True,0.53,0.47,5,1,328.0,loser_bid_drop_insufficient
support5_vacuum1,btc-updown-5m-1784313900,2026-07-17T18:45:00,YES,YES,True,0.53,0.47,5,1,328.0,loser_bid_drop_insufficient
support5_vacuum0,btc-updown-5m-1784314200,2026-07-17T18:50:00,NO,YES,False,0.56,-0.56,5,1,308.0,loser_bid_drop_insufficient
support5_vacuum1,btc-updown-5m-1784314200,2026-07-17T18:50:00,NO,YES,False,0.56,-0.56,5,1,308.0,loser_bid_drop_insufficient
support5_vacuum0,btc-updown-5m-1784314500,2026-07-17T18:55:00,NO,NO,True,0.54,0.45999999999999996,5,1,309.0,loser_bid_drop_insufficient
support5_vacuum1,btc-updown-5m-1784314500,2026-07-17T18:55:00,NO,NO,True,0.54,0.45999999999999996,5,1,309.0,loser_bid_drop_insufficient
support5_vacuum0,btc-updown-5m-1784314800,2026-07-17T19:00:00,NO,NO,True,0.55,0.44999999999999996,5,1,302.0,loser_bid_drop_insufficient
support5_vacuum1,btc-updown-5m-1784314800,2026-07-17T19:00:00,NO,NO,True,0.55,0.44999999999999996,5,1,302.0,loser_bid_drop_insufficient
support5_vacuum0,btc-updown-5m-1784315100,2026-07-17T19:05:00,NO,NO,True,0.53,0.47,5,1,486.0,loser_bid_drop_insufficient
support5_vacuum1,btc-updown-5m-1784315100,2026-07-17T19:05:00,NO,NO,True,0.53,0.47,5,1,486.0,loser_bid_drop_insufficient
support5_vacuum0,btc-updown-5m-1784315400,2026-07-17T19:10:00,YES,NO,False,0.51,-0.51,5,0,319.0,loser_bid_drop_insufficient
support5_vacuum0,btc-updown-5m-1784315700,2026-07-17T19:15:00,YES,NO,False,0.52,-0.52,5,1,311.0,loser_bid_drop_insufficient
support5_vacuum1,btc-updown-5m-1784315700,2026-07-17T19:15:00,YES,NO,False,0.52,-0.52,5,1,311.0,loser_bid_drop_insufficient
support5_vacuum2,btc-updown-5m-1784315700,2026-07-17T19:15:00,NO,NO,True,0.52,0.48,5,3,665.0,loser_reclaimed_bid
support5_vacuum3,btc-updown-5m-1784315700,2026-07-17T19:15:00,NO,NO,True,0.52,0.48,5,3,665.0,loser_reclaimed_bid
support5_vacuum4,btc-updown-5m-1784315700,2026-07-17T19:15:00,NO,NO,True,0.56,0.43999999999999995,5,4,719.0,winner_residual_ask_repriced
support5_vacuum0,btc-updown-5m-1784316000,2026-07-17T19:20:00,YES,NO,False,0.51,-0.51,5,0,308.0,loser_bid_drop_insufficient
support5_vacuum0,btc-updown-5m-1784316300,2026-07-17T19:25:00,YES,YES,True,0.54,0.45999999999999996,5,1,335.0,loser_bid_drop_insufficient
support5_vacuum1,btc-updown-5m-1784316300,2026-07-17T19:25:00,YES,YES,True,0.54,0.45999999999999996,5,1,335.0,loser_bid_drop_insufficient
support5_vacuum0,btc-updown-5m-1784316600,2026-07-17T19:30:00,YES,YES,True,0.51,0.49,5,0,306.0,loser_bid_drop_insufficient
support5_vacuum1,btc-updown-5m-1784316600,2026-07-17T19:30:00,YES,YES,True,0.51,0.49,5,1,659.0,loser_bid_drop_insufficient
support5_vacuum2,btc-updown-5m-1784316600,2026-07-17T19:30:00,YES,YES,True,0.52,0.48,5,2,927.0,loser_bid_drop_insufficient
support5_vacuum3,btc-updown-5m-1784316600,2026-07-17T19:30:00,YES,YES,True,0.55,0.44999999999999996,5,3,993.0,loser_bid_depth_decay_insufficient
support5_vacuum4,btc-updown-5m-1784316600,2026-07-17T19:30:00,YES,YES,True,0.55,0.44999999999999996,5,4,999.0,winner_residual_ask_repriced
support5_vacuum0,btc-updown-5m-1784316900,2026-07-17T19:35:00,YES,YES,True,0.51,0.49,5,0,324.0,loser_bid_drop_insufficient
support5_vacuum1,btc-updown-5m-1784316900,2026-07-17T19:35:00,NO,YES,False,0.55,-0.55,5,3,840.0,loser_reclaimed_bid
support5_vacuum2,btc-updown-5m-1784316900,2026-07-17T19:35:00,NO,YES,False,0.55,-0.55,5,3,840.0,loser_reclaimed_bid
support5_vacuum3,btc-updown-5m-1784316900,2026-07-17T19:35:00,NO,YES,False,0.55,-0.55,5,3,840.0,loser_reclaimed_bid
support5_vacuum4,btc-updown-5m-1784316900,2026-07-17T19:35:00,NO,YES,False,0.55,-0.55,5,4,871.0,winner_residual_ask_repriced
support5_vacuum0,btc-updown-5m-1784317200,2026-07-17T19:40:00,NO,YES,False,0.53,-0.53,5,1,487.0,loser_bid_drop_insufficient
support5_vacuum1,btc-updown-5m-1784317200,2026-07-17T19:40:00,NO,YES,False,0.53,-0.53,5,1,487.0,loser_bid_drop_insufficient
support5_vacuum0,btc-updown-5m-1784317500,2026-07-17T19:45:00,NO,NO,True,0.51,0.49,5,1,534.0,loser_bid_drop_insufficient
support5_vacuum1,btc-updown-5m-1784317500,2026-07-17T19:45:00,NO,NO,True,0.51,0.49,5,1,534.0,loser_bid_drop_insufficient
support5_vacuum2,btc-updown-5m-1784317500,2026-07-17T19:45:00,NO,NO,True,0.51,0.49,5,2,549.0,loser_bid_drop_insufficient
support5_vacuum0,btc-updown-5m-1784317800,2026-07-17T19:50:00,NO,YES,False,0.51,-0.51,5,1,423.0,loser_bid_drop_insufficient
support5_vacuum1,btc-updown-5m-1784317800,2026-07-17T19:50:00,NO,YES,False,0.51,-0.51,5,1,423.0,loser_bid_drop_insufficient
support5_vacuum0,btc-updown-5m-1784318100,2026-07-17T19:55:00,YES,NO,False,0.51,-0.51,5,0,305.0,loser_bid_drop_insufficient
support5_vacuum1,btc-updown-5m-1784318100,2026-07-17T19:55:00,NO,NO,True,0.5700000000000001,0.42999999999999994,5,4,892.0,winner_residual_ask_repriced
support5_vacuum2,btc-updown-5m-1784318100,2026-07-17T19:55:00,NO,NO,True,0.5700000000000001,0.42999999999999994,5,4,892.0,winner_residual_ask_repriced
support5_vacuum3,btc-updown-5m-1784318100,2026-07-17T19:55:00,NO,NO,True,0.5700000000000001,0.42999999999999994,5,4,892.0,winner_residual_ask_repriced
support5_vacuum4,btc-updown-5m-1784318100,2026-07-17T19:55:00,NO,NO,True,0.5700000000000001,0.42999999999999994,5,4,892.0,winner_residual_ask_repriced
support5_vacuum0,btc-updown-5m-1784318400,2026-07-17T20:00:00,NO,NO,True,0.53,0.47,5,1,364.0,loser_bid_drop_insufficient
support5_vacuum1,btc-updown-5m-1784318400,2026-07-17T20:00:00,NO,NO,True,0.53,0.47,5,1,364.0,loser_bid_drop_insufficient
support5_vacuum0,btc-updown-5m-1784318700,2026-07-17T20:05:00,YES,NO,False,0.51,-0.51,5,0,332.0,loser_bid_drop_insufficient
support5_vacuum1,btc-updown-5m-1784318700,2026-07-17T20:05:00,YES,NO,False,0.52,-0.52,5,1,824.0,loser_bid_drop_insufficient
support5_vacuum0,btc-updown-5m-1784319000,2026-07-17T20:10:00,NO,NO,True,0.51,0.49,5,0,325.0,loser_bid_drop_insufficient
support5_vacuum0,btc-updown-5m-1784319300,2026-07-17T20:15:00,YES,YES,True,0.51,0.49,5,0,343.0,loser_bid_drop_insufficient
support5_vacuum0,btc-updown-5m-1784319600,2026-07-17T20:20:00,YES,YES,True,0.51,0.49,5,0,314.0,loser_bid_drop_insufficient
support5_vacuum1,btc-updown-5m-1784319600,2026-07-17T20:20:00,YES,YES,True,0.52,0.48,5,1,619.0,loser_bid_drop_insufficient
support5_vacuum0,btc-updown-5m-1784319900,2026-07-17T20:25:00,YES,NO,False,0.51,-0.51,5,0,305.0,loser_bid_drop_insufficient
support5_vacuum1,btc-updown-5m-1784319900,2026-07-17T20:25:00,YES,NO,False,0.52,-0.52,5,1,717.0,loser_bid_drop_insufficient
support5_vacuum0,btc-updown-5m-1784320200,2026-07-17T20:30:00,YES,NO,False,0.51,-0.51,5,0,314.0,loser_bid_drop_insufficient
support5_vacuum1,btc-updown-5m-1784320200,2026-07-17T20:30:00,NO,NO,True,0.53,0.47,5,4,896.0,winner_residual_ask_repriced
support5_vacuum2,btc-updown-5m-1784320200,2026-07-17T20:30:00,NO,NO,True,0.53,0.47,5,4,896.0,winner_residual_ask_repriced
support5_vacuum3,btc-updown-5m-1784320200,2026-07-17T20:30:00,NO,NO,True,0.53,0.47,5,4,896.0,winner_residual_ask_repriced
support5_vacuum4,btc-updown-5m-1784320200,2026-07-17T20:30:00,NO,NO,True,0.53,0.47,5,4,896.0,winner_residual_ask_repriced
support5_vacuum0,btc-updown-5m-1784320500,2026-07-17T20:35:00,YES,NO,False,0.51,-0.51,5,0,320.0,loser_bid_drop_insufficient
support5_vacuum0,btc-updown-5m-1784320800,2026-07-17T20:40:00,YES,YES,True,0.65,0.35,5,1,331.0,loser_bid_drop_insufficient
support5_vacuum1,btc-updown-5m-1784320800,2026-07-17T20:40:00,YES,YES,True,0.65,0.35,5,1,331.0,loser_bid_drop_insufficient
support5_vacuum0,btc-updown-5m-1784321100,2026-07-17T20:45:00,YES,NO,False,0.51,-0.51,5,0,303.0,loser_bid_drop_insufficient
support5_vacuum1,btc-updown-5m-1784321100,2026-07-17T20:45:00,YES,NO,False,0.53,-0.53,5,1,482.0,loser_bid_drop_insufficient
support5_vacuum0,btc-updown-5m-1784321400,2026-07-17T20:50:00,YES,YES,True,0.52,0.48,5,1,330.0,loser_bid_drop_insufficient
support5_vacuum1,btc-updown-5m-1784321400,2026-07-17T20:50:00,YES,YES,True,0.52,0.48,5,1,330.0,loser_bid_drop_insufficient
support5_vacuum0,btc-updown-5m-1784321700,2026-07-17T20:55:00,NO,NO,True,0.53,0.47,5,1,308.0,loser_bid_drop_insufficient
support5_vacuum1,btc-updown-5m-1784321700,2026-07-17T20:55:00,NO,NO,True,0.53,0.47,5,1,308.0,loser_bid_drop_insufficient
support5_vacuum2,btc-updown-5m-1784321700,2026-07-17T20:55:00,NO,NO,True,0.53,0.47,5,2,400.0,loser_bid_drop_insufficient
support5_vacuum0,btc-updown-5m-1784322000,2026-07-17T21:00:00,YES,YES,True,0.52,0.48,5,1,324.0,loser_bid_drop_insufficient
support5_vacuum1,btc-updown-5m-1784322000,2026-07-17T21:00:00,YES,YES,True,0.52,0.48,5,1,324.0,loser_bid_drop_insufficient
support5_vacuum0,btc-updown-5m-1784322300,2026-07-17T21:05:00,YES,NO,False,0.53,-0.53,5,1,414.0,loser_bid_drop_insufficient
support5_vacuum1,btc-updown-5m-1784322300,2026-07-17T21:05:00,YES,NO,False,0.53,-0.53,5,1,414.0,loser_bid_drop_insufficient
support5_vacuum0,btc-updown-5m-1784322600,2026-07-17T21:10:00,NO,NO,True,0.52,0.48,5,1,342.0,loser_bid_drop_insufficient
support5_vacuum1,btc-updown-5m-1784322600,2026-07-17T21:10:00,NO,NO,True,0.52,0.48,5,1,342.0,loser_bid_drop_insufficient
support5_vacuum0,btc-updown-5m-1784322900,2026-07-17T21:15:00,NO,NO,True,0.52,0.48,5,1,335.0,loser_bid_drop_insufficient
support5_vacuum1,btc-updown-5m-1784322900,2026-07-17T21:15:00,NO,NO,True,0.52,0.48,5,1,335.0,loser_bid_drop_insufficient
support5_vacuum0,btc-updown-5m-1784323200,2026-07-17T21:20:00,YES,YES,True,0.51,0.49,5,0,486.0,loser_bid_drop_insufficient
support5_vacuum0,btc-updown-5m-1784323500,2026-07-17T21:25:00,YES,NO,False,0.51,-0.51,5,0,321.0,loser_bid_drop_insufficient
support5_vacuum0,btc-updown-5m-1784323800,2026-07-17T21:30:00,NO,NO,True,0.53,0.47,5,1,571.0,loser_bid_drop_insufficient
support5_vacuum1,btc-updown-5m-1784323800,2026-07-17T21:30:00,NO,NO,True,0.53,0.47,5,1,571.0,loser_bid_drop_insufficient
support5_vacuum0,btc-updown-5m-1784324100,2026-07-17T21:35:00,YES,NO,False,0.59,-0.59,5,3,327.0,loser_bid_drop_insufficient
support5_vacuum1,btc-updown-5m-1784324100,2026-07-17T21:35:00,YES,NO,False,0.59,-0.59,5,3,327.0,loser_bid_drop_insufficient
support5_vacuum2,btc-updown-5m-1784324100,2026-07-17T21:35:00,YES,NO,False,0.59,-0.59,5,3,327.0,loser_bid_drop_insufficient
support5_vacuum3,btc-updown-5m-1784324100,2026-07-17T21:35:00,YES,NO,False,0.59,-0.59,5,3,327.0,loser_bid_drop_insufficient
support5_vacuum0,btc-updown-5m-1784324400,2026-07-17T21:40:00,YES,YES,True,0.51,0.49,5,0,320.0,loser_bid_drop_insufficient
support5_vacuum0,btc-updown-5m-1784324700,2026-07-17T21:45:00,YES,YES,True,0.51,0.49,5,0,332.0,loser_bid_drop_insufficient
support5_vacuum0,btc-updown-5m-1784325000,2026-07-17T21:50:00,YES,NO,False,0.51,-0.51,5,0,318.0,loser_bid_drop_insufficient
support5_vacuum0,btc-updown-5m-1784325300,2026-07-17T21:55:00,YES,YES,True,0.51,0.49,5,0,330.0,loser_bid_drop_insufficient
support5_vacuum0,btc-updown-5m-1784325600,2026-07-17T22:00:00,YES,NO,False,0.51,-0.51,5,0,345.0,loser_bid_drop_insufficient
support5_vacuum1,btc-updown-5m-1784325600,2026-07-17T22:00:00,NO,NO,True,0.52,0.48,5,1,648.0,loser_bid_drop_insufficient
support5_vacuum0,btc-updown-5m-1784325900,2026-07-17T22:05:00,NO,NO,True,0.64,0.36,5,1,308.0,loser_bid_drop_insufficient
support5_vacuum1,btc-updown-5m-1784325900,2026-07-17T22:05:00,NO,NO,True,0.64,0.36,5,1,308.0,loser_bid_drop_insufficient
support5_vacuum0,btc-updown-5m-1784326200,2026-07-17T22:10:00,YES,YES,True,0.52,0.48,5,1,310.0,loser_bid_drop_insufficient
support5_vacuum1,btc-updown-5m-1784326200,2026-07-17T22:10:00,YES,YES,True,0.52,0.48,5,1,310.0,loser_bid_drop_insufficient
support5_vacuum2,btc-updown-5m-1784326200,2026-07-17T22:10:00,NO,YES,False,0.52,-0.52,5,2,859.0,loser_bid_depth_decay_insufficient
support5_vacuum0,btc-updown-5m-1784326500,2026-07-17T22:15:00,NO,NO,True,0.51,0.49,5,0,304.0,loser_bid_drop_insufficient
support5_vacuum1,btc-updown-5m-1784326500,2026-07-17T22:15:00,NO,NO,True,0.55,0.44999999999999996,5,1,553.0,loser_bid_depth_decay_insufficient
support5_vacuum2,btc-updown-5m-1784326500,2026-07-17T22:15:00,NO,NO,True,0.56,0.43999999999999995,5,3,774.0,loser_bid_refilled
support5_vacuum3,btc-updown-5m-1784326500,2026-07-17T22:15:00,NO,NO,True,0.56,0.43999999999999995,5,3,774.0,loser_bid_refilled
support5_vacuum0,btc-updown-5m-1784326800,2026-07-17T22:20:00,YES,YES,True,0.54,0.45999999999999996,5,1,322.0,loser_bid_drop_insufficient
support5_vacuum1,btc-updown-5m-1784326800,2026-07-17T22:20:00,YES,YES,True,0.54,0.45999999999999996,5,1,322.0,loser_bid_drop_insufficient
support5_vacuum0,btc-updown-5m-1784327100,2026-07-17T22:25:00,YES,NO,False,0.52,-0.52,5,1,347.0,loser_bid_drop_insufficient
support5_vacuum1,btc-updown-5m-1784327100,2026-07-17T22:25:00,YES,NO,False,0.52,-0.52,5,1,347.0,loser_bid_drop_insufficient
support5_vacuum0,btc-updown-5m-1784327400,2026-07-17T22:30:00,YES,NO,False,0.56,-0.56,5,1,341.0,loser_bid_drop_insufficient
support5_vacuum1,btc-updown-5m-1784327400,2026-07-17T22:30:00,YES,NO,False,0.56,-0.56,5,1,341.0,loser_bid_drop_insufficient
support5_vacuum0,btc-updown-5m-1784327700,2026-07-17T22:35:00,YES,NO,False,0.55,-0.55,5,2,326.0,loser_bid_drop_insufficient
support5_vacuum1,btc-updown-5m-1784327700,2026-07-17T22:35:00,YES,NO,False,0.55,-0.55,5,2,326.0,loser_bid_drop_insufficient
support5_vacuum2,btc-updown-5m-1784327700,2026-07-17T22:35:00,YES,NO,False,0.55,-0.55,5,2,326.0,loser_bid_drop_insufficient
support5_vacuum0,btc-updown-5m-1784328000,2026-07-17T22:40:00,YES,YES,True,0.55,0.44999999999999996,5,2,315.0,loser_bid_drop_insufficient
support5_vacuum1,btc-updown-5m-1784328000,2026-07-17T22:40:00,YES,YES,True,0.55,0.44999999999999996,5,2,315.0,loser_bid_drop_insufficient
support5_vacuum2,btc-updown-5m-1784328000,2026-07-17T22:40:00,YES,YES,True,0.55,0.44999999999999996,5,2,315.0,loser_bid_drop_insufficient
support5_vacuum0,btc-updown-5m-1784328300,2026-07-17T22:45:00,YES,YES,True,0.51,0.49,5,0,325.0,loser_bid_drop_insufficient
support5_vacuum0,btc-updown-5m-1784328600,2026-07-17T22:50:00,YES,YES,True,0.51,0.49,5,0,309.0,loser_bid_drop_insufficient
support5_vacuum0,btc-updown-5m-1784328900,2026-07-17T22:55:00,YES,NO,False,0.52,-0.52,5,1,329.0,loser_bid_drop_insufficient
support5_vacuum1,btc-updown-5m-1784328900,2026-07-17T22:55:00,YES,NO,False,0.52,-0.52,5,1,329.0,loser_bid_drop_insufficient
support5_vacuum0,btc-updown-5m-1784329200,2026-07-17T23:00:00,YES,NO,False,0.52,-0.52,5,1,331.0,loser_bid_drop_insufficient
support5_vacuum1,btc-updown-5m-1784329200,2026-07-17T23:00:00,YES,NO,False,0.52,-0.52,5,1,331.0,loser_bid_drop_insufficient
support5_vacuum0,btc-updown-5m-1784329500,2026-07-17T23:05:00,NO,NO,True,0.54,0.45999999999999996,5,1,325.0,loser_bid_drop_insufficient
support5_vacuum1,btc-updown-5m-1784329500,2026-07-17T23:05:00,NO,NO,True,0.54,0.45999999999999996,5,1,325.0,loser_bid_drop_insufficient
support5_vacuum0,btc-updown-5m-1784329800,2026-07-17T23:10:00,YES,NO,False,0.59,-0.59,5,1,334.0,loser_bid_drop_insufficient
support5_vacuum1,btc-updown-5m-1784329800,2026-07-17T23:10:00,YES,NO,False,0.59,-0.59,5,1,334.0,loser_bid_drop_insufficient
support5_vacuum0,btc-updown-5m-1784330100,2026-07-17T23:15:00,YES,YES,True,0.52,0.48,5,1,340.0,loser_bid_drop_insufficient
support5_vacuum1,btc-updown-5m-1784330100,2026-07-17T23:15:00,YES,YES,True,0.52,0.48,5,1,340.0,loser_bid_drop_insufficient
support5_vacuum0,btc-updown-5m-1784330400,2026-07-17T23:20:00,YES,YES,True,0.51,0.49,5,0,325.0,loser_bid_drop_insufficient
support5_vacuum0,btc-updown-5m-1784330700,2026-07-17T23:25:00,YES,YES,True,0.53,0.47,5,1,313.0,loser_bid_drop_insufficient
support5_vacuum1,btc-updown-5m-1784330700,2026-07-17T23:25:00,YES,YES,True,0.53,0.47,5,1,313.0,loser_bid_drop_insufficient
support5_vacuum0,btc-updown-5m-1784331000,2026-07-17T23:30:00,NO,YES,False,0.53,-0.53,5,1,574.0,loser_bid_drop_insufficient
support5_vacuum1,btc-updown-5m-1784331000,2026-07-17T23:30:00,NO,YES,False,0.53,-0.53,5,1,574.0,loser_bid_drop_insufficient
support5_vacuum0,btc-updown-5m-1784331300,2026-07-17T23:35:00,NO,NO,True,0.5800000000000001,0.41999999999999993,5,1,305.0,loser_bid_drop_insufficient
support5_vacuum1,btc-updown-5m-1784331300,2026-07-17T23:35:00,NO,NO,True,0.5800000000000001,0.41999999999999993,5,1,305.0,loser_bid_drop_insufficient
support5_vacuum0,btc-updown-5m-1784331600,2026-07-17T23:40:00,NO,NO,True,0.53,0.47,5,1,336.0,loser_bid_drop_insufficient
support5_vacuum1,btc-updown-5m-1784331600,2026-07-17T23:40:00,NO,NO,True,0.53,0.47,5,1,336.0,loser_bid_drop_insufficient
support5_vacuum0,btc-updown-5m-1784331900,2026-07-17T23:45:00,NO,NO,True,0.64,0.36,5,1,315.0,loser_bid_drop_insufficient
support5_vacuum1,btc-updown-5m-1784331900,2026-07-17T23:45:00,NO,NO,True,0.64,0.36,5,1,315.0,loser_bid_drop_insufficient
support5_vacuum2,btc-updown-5m-1784331900,2026-07-17T23:45:00,NO,NO,True,0.64,0.36,5,2,559.0,loser_bid_drop_insufficient
support5_vacuum0,btc-updown-5m-1784332200,2026-07-17T23:50:00,YES,NO,False,0.63,-0.63,5,1,335.0,loser_bid_drop_insufficient
support5_vacuum1,btc-updown-5m-1784332200,2026-07-17T23:50:00,YES,NO,False,0.63,-0.63,5,1,335.0,loser_bid_drop_insufficient
support5_vacuum0,btc-updown-5m-1784332500,2026-07-17T23:55:00,YES,NO,False,0.51,-0.51,5,0,340.0,loser_bid_drop_insufficient
support5_vacuum0,btc-updown-5m-1784332800,2026-07-18T00:00:00,YES,NO,False,0.56,-0.56,5,1,375.0,loser_bid_drop_insufficient
support5_vacuum1,btc-updown-5m-1784332800,2026-07-18T00:00:00,YES,NO,False,0.56,-0.56,5,1,375.0,loser_bid_drop_insufficient
support5_vacuum0,btc-updown-5m-1784333100,2026-07-18T00:05:00,YES,NO,False,0.51,-0.51,5,0,311.0,loser_bid_drop_insufficient
support5_vacuum1,btc-updown-5m-1784333100,2026-07-18T00:05:00,YES,NO,False,0.51,-0.51,5,1,684.0,loser_bid_drop_insufficient
support5_vacuum0,btc-updown-5m-1784333400,2026-07-18T00:10:00,YES,YES,True,0.54,0.45999999999999996,5,1,301.0,loser_bid_drop_insufficient
support5_vacuum1,btc-updown-5m-1784333400,2026-07-18T00:10:00,YES,YES,True,0.54,0.45999999999999996,5,1,301.0,loser_bid_drop_insufficient
support5_vacuum2,btc-updown-5m-1784333400,2026-07-18T00:10:00,YES,YES,True,0.57,0.43000000000000005,5,3,375.0,loser_bid_drop_insufficient
support5_vacuum3,btc-updown-5m-1784333400,2026-07-18T00:10:00,YES,YES,True,0.57,0.43000000000000005,5,3,375.0,loser_bid_drop_insufficient
support5_vacuum0,btc-updown-5m-1784333700,2026-07-18T00:15:00,YES,YES,True,0.57,0.43000000000000005,5,1,397.0,loser_bid_drop_insufficient
support5_vacuum1,btc-updown-5m-1784333700,2026-07-18T00:15:00,YES,YES,True,0.57,0.43000000000000005,5,1,397.0,loser_bid_drop_insufficient
support5_vacuum0,btc-updown-5m-1784334000,2026-07-18T00:20:00,NO,NO,True,0.51,0.49,5,0,331.0,loser_bid_drop_insufficient
support5_vacuum1,btc-updown-5m-1784334000,2026-07-18T00:20:00,NO,NO,True,0.51,0.49,5,1,551.0,loser_bid_drop_insufficient
support5_vacuum0,btc-updown-5m-1784334300,2026-07-18T00:25:00,YES,YES,True,0.53,0.47,5,1,315.0,loser_bid_drop_insufficient
support5_vacuum1,btc-updown-5m-1784334300,2026-07-18T00:25:00,YES,YES,True,0.53,0.47,5,1,315.0,loser_bid_drop_insufficient
support5_vacuum0,btc-updown-5m-1784334600,2026-07-18T00:30:00,NO,NO,True,0.52,0.48,5,2,328.0,loser_bid_drop_insufficient
support5_vacuum1,btc-updown-5m-1784334600,2026-07-18T00:30:00,NO,NO,True,0.52,0.48,5,2,328.0,loser_bid_drop_insufficient
support5_vacuum2,btc-updown-5m-1784334600,2026-07-18T00:30:00,NO,NO,True,0.52,0.48,5,2,328.0,loser_bid_drop_insufficient
support5_vacuum3,btc-updown-5m-1784334600,2026-07-18T00:30:00,NO,NO,True,0.52,0.48,5,3,354.0,loser_bid_drop_insufficient
support5_vacuum0,btc-updown-5m-1784334900,2026-07-18T00:35:00,NO,NO,True,0.54,0.45999999999999996,5,2,416.0,loser_bid_depth_decay_insufficient
support5_vacuum1,btc-updown-5m-1784334900,2026-07-18T00:35:00,NO,NO,True,0.54,0.45999999999999996,5,2,416.0,loser_bid_depth_decay_insufficient
support5_vacuum2,btc-updown-5m-1784334900,2026-07-18T00:35:00,NO,NO,True,0.54,0.45999999999999996,5,2,416.0,loser_bid_depth_decay_insufficient
support5_vacuum0,btc-updown-5m-1784335200,2026-07-18T00:40:00,YES,YES,True,0.64,0.36,5,3,501.0,loser_bid_drop_insufficient
support5_vacuum1,btc-updown-5m-1784335200,2026-07-18T00:40:00,YES,YES,True,0.64,0.36,5,3,501.0,loser_bid_drop_insufficient
support5_vacuum2,btc-updown-5m-1784335200,2026-07-18T00:40:00,YES,YES,True,0.64,0.36,5,3,501.0,loser_bid_drop_insufficient
support5_vacuum3,btc-updown-5m-1784335200,2026-07-18T00:40:00,YES,YES,True,0.64,0.36,5,3,501.0,loser_bid_drop_insufficient
support5_vacuum0,btc-updown-5m-1784335500,2026-07-18T00:45:00,YES,YES,True,0.61,0.39,5,3,326.0,loser_bid_drop_insufficient
support5_vacuum1,btc-updown-5m-1784335500,2026-07-18T00:45:00,YES,YES,True,0.61,0.39,5,3,326.0,loser_bid_drop_insufficient
support5_vacuum2,btc-updown-5m-1784335500,2026-07-18T00:45:00,YES,YES,True,0.61,0.39,5,3,326.0,loser_bid_drop_insufficient
support5_vacuum3,btc-updown-5m-1784335500,2026-07-18T00:45:00,YES,YES,True,0.61,0.39,5,3,326.0,loser_bid_drop_insufficient
support5_vacuum0,btc-updown-5m-1784335800,2026-07-18T00:50:00,YES,NO,False,0.65,-0.65,5,1,322.0,loser_bid_drop_insufficient
support5_vacuum1,btc-updown-5m-1784335800,2026-07-18T00:50:00,YES,NO,False,0.65,-0.65,5,1,322.0,loser_bid_drop_insufficient
support5_vacuum0,btc-updown-5m-1784336100,2026-07-18T00:55:00,YES,YES,True,0.67,0.32999999999999996,5,1,304.0,loser_bid_drop_insufficient
support5_vacuum1,btc-updown-5m-1784336100,2026-07-18T00:55:00,YES,YES,True,0.67,0.32999999999999996,5,1,304.0,loser_bid_drop_insufficient
support5_vacuum0,btc-updown-5m-1784336400,2026-07-18T01:00:00,YES,YES,True,0.66,0.33999999999999997,5,1,336.0,loser_bid_drop_insufficient
support5_vacuum1,btc-updown-5m-1784336400,2026-07-18T01:00:00,YES,YES,True,0.66,0.33999999999999997,5,1,336.0,loser_bid_drop_insufficient
support5_vacuum0,btc-updown-5m-1784336700,2026-07-18T01:05:00,NO,YES,False,0.65,-0.65,5,1,342.0,loser_bid_drop_insufficient
support5_vacuum1,btc-updown-5m-1784336700,2026-07-18T01:05:00,NO,YES,False,0.65,-0.65,5,1,342.0,loser_bid_drop_insufficient
support5_vacuum0,btc-updown-5m-1784337000,2026-07-18T01:10:00,YES,YES,True,0.51,0.49,5,0,320.0,loser_bid_drop_insufficient
support5_vacuum0,btc-updown-5m-1784337300,2026-07-18T01:15:00,YES,YES,True,0.68,0.31999999999999995,5,1,315.0,loser_bid_drop_insufficient
support5_vacuum1,btc-updown-5m-1784337300,2026-07-18T01:15:00,YES,YES,True,0.68,0.31999999999999995,5,1,315.0,loser_bid_drop_insufficient
support5_vacuum0,btc-updown-5m-1784337600,2026-07-18T01:20:00,YES,YES,True,0.65,0.35,5,1,314.0,loser_bid_drop_insufficient
support5_vacuum1,btc-updown-5m-1784337600,2026-07-18T01:20:00,YES,YES,True,0.65,0.35,5,1,314.0,loser_bid_drop_insufficient
support5_vacuum0,btc-updown-5m-1784337900,2026-07-18T01:25:00,YES,YES,True,0.63,0.37,5,1,305.0,loser_bid_drop_insufficient
support5_vacuum1,btc-updown-5m-1784337900,2026-07-18T01:25:00,YES,YES,True,0.63,0.37,5,1,305.0,loser_bid_drop_insufficient
support5_vacuum2,btc-updown-5m-1784337900,2026-07-18T01:25:00,YES,YES,True,0.62,0.38,5,2,568.0,loser_bid_drop_insufficient
support5_vacuum3,btc-updown-5m-1784337900,2026-07-18T01:25:00,YES,YES,True,0.62,0.38,5,3,795.0,loser_bid_drop_insufficient
support5_vacuum0,btc-updown-5m-1784338200,2026-07-18T01:30:00,YES,NO,False,0.56,-0.56,5,1,309.0,loser_bid_drop_insufficient
support5_vacuum1,btc-updown-5m-1784338200,2026-07-18T01:30:00,YES,NO,False,0.56,-0.56,5,1,309.0,loser_bid_drop_insufficient
support5_vacuum0,btc-updown-5m-1784338500,2026-07-18T01:35:00,YES,YES,True,0.51,0.49,5,0,309.0,loser_bid_drop_insufficient
support5_vacuum1,btc-updown-5m-1784338500,2026-07-18T01:35:00,YES,YES,True,0.51,0.49,5,1,353.0,loser_bid_drop_insufficient
support5_vacuum2,btc-updown-5m-1784338500,2026-07-18T01:35:00,YES,YES,True,0.51,0.49,5,2,572.0,loser_bid_drop_insufficient
support5_vacuum0,btc-updown-5m-1784338800,2026-07-18T01:40:00,YES,YES,True,0.53,0.47,5,1,330.0,loser_bid_drop_insufficient
support5_vacuum1,btc-updown-5m-1784338800,2026-07-18T01:40:00,YES,YES,True,0.53,0.47,5,1,330.0,loser_bid_drop_insufficient
support5_vacuum0,btc-updown-5m-1784339100,2026-07-18T01:45:00,YES,NO,False,0.59,-0.59,5,1,305.0,loser_bid_drop_insufficient
support5_vacuum1,btc-updown-5m-1784339100,2026-07-18T01:45:00,YES,NO,False,0.59,-0.59,5,1,305.0,loser_bid_drop_insufficient
support5_vacuum0,btc-updown-5m-1784339400,2026-07-18T01:50:00,NO,YES,False,0.55,-0.55,5,1,394.0,loser_bid_drop_insufficient
support5_vacuum1,btc-updown-5m-1784339400,2026-07-18T01:50:00,NO,YES,False,0.55,-0.55,5,1,394.0,loser_bid_drop_insufficient
support5_vacuum0,btc-updown-5m-1784339700,2026-07-18T01:55:00,NO,NO,True,0.54,0.45999999999999996,5,1,335.0,loser_bid_drop_insufficient
support5_vacuum1,btc-updown-5m-1784339700,2026-07-18T01:55:00,NO,NO,True,0.54,0.45999999999999996,5,1,335.0,loser_bid_drop_insufficient
support5_vacuum0,btc-updown-5m-1784340000,2026-07-18T02:00:00,NO,NO,True,0.51,0.49,5,0,330.0,loser_bid_drop_insufficient
support5_vacuum0,btc-updown-5m-1784340300,2026-07-18T02:05:00,YES,YES,True,0.63,0.37,5,1,348.0,loser_bid_drop_insufficient
support5_vacuum1,btc-updown-5m-1784340300,2026-07-18T02:05:00,YES,YES,True,0.63,0.37,5,1,348.0,loser_bid_drop_insufficient
support5_vacuum0,btc-updown-5m-1784340600,2026-07-18T02:10:00,YES,YES,True,0.6,0.4,5,1,322.0,loser_bid_drop_insufficient
support5_vacuum1,btc-updown-5m-1784340600,2026-07-18T02:10:00,YES,YES,True,0.6,0.4,5,1,322.0,loser_bid_drop_insufficient
support5_vacuum0,btc-updown-5m-1784340900,2026-07-18T02:15:00,YES,YES,True,0.53,0.47,5,3,351.0,loser_bid_drop_insufficient
support5_vacuum1,btc-updown-5m-1784340900,2026-07-18T02:15:00,YES,YES,True,0.53,0.47,5,3,351.0,loser_bid_drop_insufficient
support5_vacuum2,btc-updown-5m-1784340900,2026-07-18T02:15:00,YES,YES,True,0.53,0.47,5,3,351.0,loser_bid_drop_insufficient
support5_vacuum3,btc-updown-5m-1784340900,2026-07-18T02:15:00,YES,YES,True,0.53,0.47,5,3,351.0,loser_bid_drop_insufficient
support5_vacuum0,btc-updown-5m-1784341200,2026-07-18T02:20:00,NO,YES,False,0.53,-0.53,5,3,318.0,loser_bid_drop_insufficient
support5_vacuum1,btc-updown-5m-1784341200,2026-07-18T02:20:00,NO,YES,False,0.53,-0.53,5,3,318.0,loser_bid_drop_insufficient
support5_vacuum2,btc-updown-5m-1784341200,2026-07-18T02:20:00,NO,YES,False,0.53,-0.53,5,3,318.0,loser_bid_drop_insufficient
support5_vacuum3,btc-updown-5m-1784341200,2026-07-18T02:20:00,NO,YES,False,0.53,-0.53,5,3,318.0,loser_bid_drop_insufficient
support5_vacuum0,btc-updown-5m-1784341500,2026-07-18T02:25:00,NO,YES,False,0.54,-0.54,5,1,318.0,loser_bid_drop_insufficient
support5_vacuum1,btc-updown-5m-1784341500,2026-07-18T02:25:00,NO,YES,False,0.54,-0.54,5,1,318.0,loser_bid_drop_insufficient
support5_vacuum0,btc-updown-5m-1784341800,2026-07-18T02:30:00,NO,YES,False,0.52,-0.52,5,3,332.0,loser_bid_drop_insufficient
support5_vacuum1,btc-updown-5m-1784341800,2026-07-18T02:30:00,NO,YES,False,0.52,-0.52,5,3,332.0,loser_bid_drop_insufficient
support5_vacuum2,btc-updown-5m-1784341800,2026-07-18T02:30:00,NO,YES,False,0.52,-0.52,5,3,332.0,loser_bid_drop_insufficient
support5_vacuum3,btc-updown-5m-1784341800,2026-07-18T02:30:00,NO,YES,False,0.52,-0.52,5,3,332.0,loser_bid_drop_insufficient
support5_vacuum0,btc-updown-5m-1784342100,2026-07-18T02:35:00,NO,YES,False,0.62,-0.62,5,1,469.0,loser_bid_drop_insufficient
support5_vacuum1,btc-updown-5m-1784342100,2026-07-18T02:35:00,NO,YES,False,0.62,-0.62,5,1,469.0,loser_bid_drop_insufficient
support5_vacuum0,btc-updown-5m-1784342400,2026-07-18T02:40:00,YES,NO,False,0.54,-0.54,5,1,315.0,loser_bid_drop_insufficient
support5_vacuum1,btc-updown-5m-1784342400,2026-07-18T02:40:00,YES,NO,False,0.54,-0.54,5,1,315.0,loser_bid_drop_insufficient
support5_vacuum0,btc-updown-5m-1784342700,2026-07-18T02:45:00,YES,YES,True,0.56,0.43999999999999995,5,1,354.0,loser_bid_drop_insufficient
support5_vacuum1,btc-updown-5m-1784342700,2026-07-18T02:45:00,YES,YES,True,0.56,0.43999999999999995,5,1,354.0,loser_bid_drop_insufficient
support5_vacuum0,btc-updown-5m-1784343000,2026-07-18T02:50:00,YES,NO,False,0.51,-0.51,5,0,416.0,loser_bid_drop_insufficient
support5_vacuum0,btc-updown-5m-1784343300,2026-07-18T02:55:00,YES,NO,False,0.52,-0.52,5,3,345.0,loser_bid_drop_insufficient
support5_vacuum1,btc-updown-5m-1784343300,2026-07-18T02:55:00,YES,NO,False,0.52,-0.52,5,3,345.0,loser_bid_drop_insufficient
support5_vacuum2,btc-updown-5m-1784343300,2026-07-18T02:55:00,YES,NO,False,0.52,-0.52,5,3,345.0,loser_bid_drop_insufficient
support5_vacuum3,btc-updown-5m-1784343300,2026-07-18T02:55:00,YES,NO,False,0.52,-0.52,5,3,345.0,loser_bid_drop_insufficient
support5_vacuum0,btc-updown-5m-1784343600,2026-07-18T03:00:00,NO,NO,True,0.61,0.39,5,1,343.0,loser_bid_drop_insufficient
support5_vacuum1,btc-updown-5m-1784343600,2026-07-18T03:00:00,NO,NO,True,0.61,0.39,5,1,343.0,loser_bid_drop_insufficient
support5_vacuum0,btc-updown-5m-1784343900,2026-07-18T03:05:00,YES,YES,True,0.61,0.39,5,1,335.0,loser_bid_drop_insufficient
support5_vacuum1,btc-updown-5m-1784343900,2026-07-18T03:05:00,YES,YES,True,0.61,0.39,5,1,335.0,loser_bid_drop_insufficient
support5_vacuum0,btc-updown-5m-1784344200,2026-07-18T03:10:00,YES,YES,True,0.69,0.31000000000000005,5,1,314.0,loser_bid_drop_insufficient
support5_vacuum1,btc-updown-5m-1784344200,2026-07-18T03:10:00,YES,YES,True,0.69,0.31000000000000005,5,1,314.0,loser_bid_drop_insufficient
support5_vacuum0,btc-updown-5m-1784344500,2026-07-18T03:15:00,NO,NO,True,0.62,0.38,5,1,301.0,loser_bid_drop_insufficient
support5_vacuum1,btc-updown-5m-1784344500,2026-07-18T03:15:00,NO,NO,True,0.62,0.38,5,1,301.0,loser_bid_drop_insufficient
support5_vacuum2,btc-updown-5m-1784344500,2026-07-18T03:15:00,NO,NO,True,0.63,0.37,5,3,774.0,loser_bid_drop_insufficient
support5_vacuum3,btc-updown-5m-1784344500,2026-07-18T03:15:00,NO,NO,True,0.63,0.37,5,3,774.0,loser_bid_drop_insufficient
support5_vacuum0,btc-updown-5m-1784344800,2026-07-18T03:20:00,NO,NO,True,0.64,0.36,5,1,437.0,loser_bid_drop_insufficient
support5_vacuum1,btc-updown-5m-1784344800,2026-07-18T03:20:00,NO,NO,True,0.64,0.36,5,1,437.0,loser_bid_drop_insufficient
support5_vacuum0,btc-updown-5m-1784345100,2026-07-18T03:25:00,NO,NO,True,0.62,0.38,5,1,403.0,loser_bid_drop_insufficient
support5_vacuum1,btc-updown-5m-1784345100,2026-07-18T03:25:00,NO,NO,True,0.62,0.38,5,1,403.0,loser_bid_drop_insufficient
support5_vacuum0,btc-updown-5m-1784345400,2026-07-18T03:30:00,NO,NO,True,0.69,0.31000000000000005,5,1,319.0,loser_bid_drop_insufficient
support5_vacuum1,btc-updown-5m-1784345400,2026-07-18T03:30:00,NO,NO,True,0.69,0.31000000000000005,5,1,319.0,loser_bid_drop_insufficient
support5_vacuum0,btc-updown-5m-1784345700,2026-07-18T03:35:00,YES,NO,False,0.51,-0.51,5,0,335.0,loser_bid_drop_insufficient
support5_vacuum0,btc-updown-5m-1784346000,2026-07-18T03:40:00,YES,YES,True,0.52,0.48,5,1,393.0,loser_bid_drop_insufficient
support5_vacuum1,btc-updown-5m-1784346000,2026-07-18T03:40:00,YES,YES,True,0.52,0.48,5,1,393.0,loser_bid_drop_insufficient
support5_vacuum0,btc-updown-5m-1784346300,2026-07-18T03:45:00,YES,YES,True,0.53,0.47,5,3,319.0,loser_bid_drop_insufficient
support5_vacuum1,btc-updown-5m-1784346300,2026-07-18T03:45:00,YES,YES,True,0.53,0.47,5,3,319.0,loser_bid_drop_insufficient
support5_vacuum2,btc-updown-5m-1784346300,2026-07-18T03:45:00,YES,YES,True,0.53,0.47,5,3,319.0,loser_bid_drop_insufficient
support5_vacuum3,btc-updown-5m-1784346300,2026-07-18T03:45:00,YES,YES,True,0.53,0.47,5,3,319.0,loser_bid_drop_insufficient
